Sample_ID,Sample_Name,index,index2,Sample_Project
Pacute_LTR_PL,Pacute_LTR_PL,TTATTCGAGG,AGCAGGACAG,
Pacute_D1_up_PL,Pacute_D1_up_PL,ATGGAGGGAG,AATGGGTTAT,
Pacute_tat_up_PL,Pacute_tat_up_PL,ACCAGACAAC,CCTAGTTCCT,
Pacute_nef_PL,Pacute_nef_PL,AACCACGCAT,TAACCTGAAT,
Pacute_LTR_CI,Pacute_LTR_CI,CGCATGTTAC,GTGTCTCTAC,
Pacute_D1_up_CI,Pacute_D1_up_CI,CGCATGTTAC,AGCAGATAGT,
Pacute_tat_up_CI,Pacute_tat_up_CI,CGCATGTTAC,GCAAGAGTGT,
Pacute_nef_CI,Pacute_nef_CI,CGCATGTTAC,GGCACGCCAT,
W0_KLRB1_CI,W0_KLRB1_CI,TTTGATCCAC,GCAAGAGTGT,
Pacute_pool_D1_nef_PL,Pacute_pool_D1_nef_PL,CGCGGTAGGT,CAACATCCTG,
Pacute_pool_nef_CI,Pacute_pool_nef_CI,TTTCGTAGTG,GGCACGCCAT,
Pacute_pool_KLRB1_CI,Pacute_pool_KLRB1_CI,TTTCGTAGTG,GCAAGAGTGT,
W2_nef_PL,W2_nef_PL,GAGACGCACG,ATGTTCATAG,
D13_gag_PL,D13_gag_PL,AGCAAGAAGC,AGAAACACAA,
